{
  "success":{% if success %}true{% else %}false{% endif %},
  "exist":{% if paintings %}true{% else %}false{% endif %},
  "paintings":[
    {% for painting in paintings %}
    {% if not forloop.last %}
    {
      "id": "{{ painting.id }}",
      "username": "{{ painting.user.username }}",
      "kudos": "{{ painting.kudos }}",
      "time": "{{ painting.time|date:'Y/m/d D h:i a' }}"
    },
    {% else %}
    {
      "id": "{{ painting.id }}",
      "username": "{{ painting.user.username }}",
      "kudos": "{{ painting.kudos }}",
      "kudos_user":{% if user.is_authenticated and user in painting.kudos_user.all %}true{% else %}false{% endif %},
      "time": "{{ painting.time|date:'Y/m/d D h:i a' }}"
    }
    {% endif %}
    {% endfor %}
  ]
}